id,name,address,city,region,postal_code,latitude,longitude,phone,website,app_or_order_url,maps_url,category,cuisine,source_url
rest_unbf_tims,"Tim Hortons - UNB Student Union Building","21 Pacey Dr, UNB Student Union Building",Fredericton,NB,E3B 5A3,45.9458,-66.6414,506-458-5401,https://locations.timhortons.ca/en/nb/fredericton/612-king-st/,https://www.timhortons.ca/app,"https://www.google.com/maps/search/?api=1&query=Tim+Hortons+UNB+Student+Union+Building+Fredericton+NB",food,coffee,https://locations.timhortons.ca/en/nb/fredericton/612-king-st/
rest_cellar,"The Cellar Pub","21 Pacey Dr",Fredericton,NB,E3B 5A3,45.9450,-66.6410,506-451-1009,https://cellarpub.ca/,https://cellarpub.ca/,"https://www.google.com/maps/search/?api=1&query=The+Cellar+Pub+Fredericton+NB",food,burgers,https://cellarpub.ca/
rest_unbf_catertrax,"UNB Fredericton Food Services","19 Bailey Dr",Fredericton,NB,E3B 5A3,45.9458,-66.6414,506-458-2898,https://unb-fredericton.catertrax.com/,https://unb-fredericton.catertrax.com/,"https://www.google.com/maps/search/?api=1&query=UNB+Fredericton+Food+Services+19+Bailey+Dr",food,sandwiches,https://unb-fredericton.catertrax.com/
rest_rocket_burger,"Rocket Burger","349 King St",Fredericton,NB,E3B 1E4,45.9636,-66.6419,506-206-6636,https://www.rocketburger.ca/,https://www.rocketburger.ca/,"https://www.google.com/maps/search/?api=1&query=Rocket+Burger+349+King+St+Fredericton+NB",food,burgers,https://www.rocketburger.ca/contact/
rest_stlouis,"St. Louis Bar & Grill","280 King St",Fredericton,NB,E3B 1G8,45.9639,-66.6440,506-455-1025,https://locations.stlouiswings.com/fredericton,https://locations.stlouiswings.com/fredericton,"https://www.google.com/maps/search/?api=1&query=St+Louis+Bar+and+Grill+280+King+St+Fredericton+NB",food,wings,https://locations.stlouiswings.com/fredericton
rest_moco,"MoCo Downtown","100 Regent St",Fredericton,NB,E3B 3W4,45.9507,-66.6420,506-455-6626,https://mocodowntown.ca/,https://mocodowntown.ca/,"https://www.google.com/maps/search/?api=1&query=MoCo+Downtown+100+Regent+St+Fredericton+NB",food,pizza,https://mocodowntown.ca/
rest_540_north,"540 North","912 Union St",Fredericton,NB,E3A 3P7,45.9670,-66.6350,506-429-5500,https://www.540kitchenandbar.com/contact-1,https://www.540kitchenandbar.com/contact-1,"https://www.google.com/maps/search/?api=1&query=540+North+912+Union+St+Fredericton+NB",food,burgers,https://www.540kitchenandbar.com/contact-1
rest_diamond_house,"Diamond House Chinese Restaurant","261 Restigouche Rd",Oromocto,NB,E2V 2H1,45.8372,-66.4820,506-357-8811,https://diamondhousechineserestaurantnb.com/,https://diamondhousechineserestaurantnb.com/,"https://www.google.com/maps/search/?api=1&query=Diamond+House+Chinese+Restaurant+261+Restigouche+Rd+Oromocto+NB",food,chinese,https://diamondhousechineserestaurantnb.com/
rest_pizza_delight_oromocto,"Pizza Delight - Oromocto Mall","1198 Onondaga St, Oromocto Mall",Oromocto,NB,E2V 1B8,45.8350,-66.4800,506-357-3359,https://www.pizzadelight.com/oromocto-mall,https://www.pizzadelight.com/oromocto-mall,"https://www.google.com/maps/search/?api=1&query=Pizza+Delight+Oromocto+Mall+1198+Onondaga+St+Oromocto+NB",food,pizza,https://www.pizzadelight.com/oromocto-mall
rest_spicy_roots,"Spicy Roots Bistro","286 Restigouche Rd E2",Oromocto,NB,E2V 2H5,45.8360,-66.4830,506-700-2179,https://spicyrootsbistro.com/,https://spicyrootsbistro.com/,"https://www.google.com/maps/search/?api=1&query=Spicy+Roots+Bistro+286+Restigouche+Rd+Oromocto+NB",food,indian,https://spicyrootsbistro.com/
rest_aw_main,"A&W","235 Main St",Fredericton,NB,E3A 1E1,,,506-450-5045,,,"https://www.google.com/maps/search/?api=1&query=A%26W+235+Main+St+Fredericton+NB",food,burgers,https://businessfrednorth.com/dining/
rest_cannons_cross,"Cannon's Cross Pub","15 Riverside Dr",Fredericton,NB,E3A 3X8,,,506-455-1201,,,"https://www.google.com/maps/search/?api=1&query=Cannons+Cross+Pub+15+Riverside+Dr+Fredericton+NB",food,pub,https://businessfrednorth.com/dining/
rest_dominos_main,"Domino's Pizza","170 Main St",Fredericton,NB,E3A 1C8,,,506-449-5050,https://www.dominos.ca/,https://www.dominos.ca/,"https://www.google.com/maps/search/?api=1&query=Dominos+Pizza+170+Main+St+Fredericton+NB",food,pizza,https://businessfrednorth.com/dining/
rest_fadis,"Fadi's Pizza & Donair","312 Main St",Fredericton,NB,E3A 1E4,,,506-454-9888,https://www.fadispizza.com/online-ordering,https://www.fadispizza.com/online-ordering,"https://www.google.com/maps/search/?api=1&query=Fadis+Pizza+312+Main+St+Fredericton+NB",food,pizza,https://www.fadispizza.com/online-ordering
rest_firehouse_main,"Firehouse Subs","102 Main St",Fredericton,NB,E3A 9N6,,,506-472-0100,https://www.firehousesubs.ca/,https://www.firehousesubs.ca/,"https://www.google.com/maps/search/?api=1&query=Firehouse+Subs+102+Main+St+Fredericton+NB",food,sandwiches,https://businessfrednorth.com/dining/
rest_greco_main,"Greco Pizza & Donair","102 Main St",Fredericton,NB,E3A 9N6,,,506-452-0033,https://greco.ca/,https://greco.ca/,"https://www.google.com/maps/search/?api=1&query=Greco+Pizza+Donair+102+Main+St+Fredericton+NB",food,pizza,https://businessfrednorth.com/dining/
rest_hana,"Hana Ethiopian Cafe & Takeout","154 Main St",Fredericton,NB,E3A 1C8,,,506-292-0312,,,"https://www.google.com/maps/search/?api=1&query=Hana+Ethiopian+Cafe+154+Main+St+Fredericton+NB",food,ethiopian,https://businessfrednorth.com/dining/
rest_js_asian,"J's Asian Kitchen","146 Main St",Fredericton,NB,E3A 1C8,,,506-458-1414,,,"https://www.google.com/maps/search/?api=1&query=Js+Asian+Kitchen+146+Main+St+Fredericton+NB",food,asian,https://businessfrednorth.com/dining/
rest_kfc_main,"KFC","283 Main St",Fredericton,NB,E3A 1C8,,,506-300-3447,https://www.kfc.ca/,https://www.kfc.ca/,"https://www.google.com/maps/search/?api=1&query=KFC+283+Main+St+Fredericton+NB",food,chicken,https://businessfrednorth.com/dining/
rest_red_lantern,"Red Lantern Pub and Steak House","182 Main St",Fredericton,NB,E3A 1C8,,,506-472-5011,,,"https://www.google.com/maps/search/?api=1&query=Red+Lantern+Pub+182+Main+St+Fredericton+NB",food,steak,https://businessfrednorth.com/dining/
rest_saffron,"Saffron Indian Foods","161 Main St",Fredericton,NB,E3A 1C6,,,506-455-4347,,,"https://www.google.com/maps/search/?api=1&query=Saffron+Indian+Foods+161+Main+St+Fredericton+NB",food,indian,https://businessfrednorth.com/dining/
rest_shuyi,"Shuyi Tealicious","245 Main St",Fredericton,NB,E3A 1E1,,,506-470-8321,,,"https://www.google.com/maps/search/?api=1&query=Shuyi+Tealicious+245+Main+St+Fredericton+NB",food,tea,https://businessfrednorth.com/dining/
rest_spirit_cafe,"Spirit Cafe","154 Main St",Fredericton,NB,E3A 1C8,,,506-471-5022,,,"https://www.google.com/maps/search/?api=1&query=Spirit+Cafe+154+Main+St+Fredericton+NB",food,cafe,https://businessfrednorth.com/dining/
rest_stacked_pancake,"Stacked Pancake House","102 Main St",Fredericton,NB,E3A 9N6,,,506-457-8924,https://stackedpancakehouse.ca/,https://stackedpancakehouse.ca/,"https://www.google.com/maps/search/?api=1&query=Stacked+Pancake+House+102+Main+St+Fredericton+NB",food,breakfast,https://businessfrednorth.com/dining/
rest_subway_main,"Subway","265 Main St",Fredericton,NB,E3A 1C9,,,506-457-4393,https://www.subway.com/,https://www.subway.com/,"https://www.google.com/maps/search/?api=1&query=Subway+265+Main+St+Fredericton+NB",food,sandwiches,https://businessfrednorth.com/dining/
rest_sun_prince,"Sun Prince Restaurant","41 Main St",Fredericton,NB,E3A 1B9,,,506-458-8238,https://www.sunprincefredericton.com/,https://www.sunprincefredericton.com/,"https://www.google.com/maps/search/?api=1&query=Sun+Prince+Restaurant+41+Main+St+Fredericton+NB",food,chinese,https://businessfrednorth.com/dining/
rest_thai_spice,"Thai Spice","277 Main St",Fredericton,NB,E3A 1E1,,,506-472-3486,,,"https://www.google.com/maps/search/?api=1&query=Thai+Spice+277+Main+St+Fredericton+NB",food,thai,https://businessfrednorth.com/dining/
rest_drome,"The Drome by Trailway","301 Main St",Fredericton,NB,E3A 1E3,,,506-472-2361,https://trailwaybrewing.com/,https://trailwaybrewing.com/,"https://www.google.com/maps/search/?api=1&query=The+Drome+301+Main+St+Fredericton+NB",food,pub,https://businessfrednorth.com/dining/
rest_shake_shed,"The Shake Shed Freddy","230 Main St",Fredericton,NB,E3A 1C9,,,506-609-1631,,,"https://www.google.com/maps/search/?api=1&query=The+Shake+Shed+Freddy+230+Main+St+Fredericton+NB",food,dessert,https://businessfrednorth.com/dining/
rest_tims_main,"Tim Hortons - Main Street","290 Main St",Fredericton,NB,E3A 1C9,,,506-462-9955,https://www.timhortons.ca/,https://www.timhortons.ca/app/,"https://www.google.com/maps/search/?api=1&query=Tim+Hortons+290+Main+St+Fredericton+NB",food,coffee,https://businessfrednorth.com/dining/
rest_feel_good,"The Feel Good","90 Main St",Fredericton,NB,E3A 1C5,,,506-206-9655,,,"https://www.google.com/maps/search/?api=1&query=The+Feel+Good+90+Main+St+Fredericton+NB",food,cafe,https://businessfrednorth.com/dining/
rest_happy_baker,"The Happy Baker Market & Cafe","195 Main St",Fredericton,NB,E3A 1E1,,,506-454-7200,,,"https://www.google.com/maps/search/?api=1&query=The+Happy+Baker+Market+Cafe+195+Main+St+Fredericton+NB",food,bakery,https://businessfrednorth.com/dining/
rest_wendys_main,"Wendy's","370 Main St",Fredericton,NB,E3A 1E5,,,506-462-9950,https://www.wendys.ca/,https://www.wendys.ca/,"https://www.google.com/maps/search/?api=1&query=Wendys+370+Main+St+Fredericton+NB",food,burgers,https://businessfrednorth.com/dining/
rest_urban_grill,"[catch] Urban Grill","225 Woodstock Rd",Fredericton,NB,E3B 2H8,,,506-451-7935,,,"https://www.google.com/maps/search/?api=1&query=Urban+Grill+225+Woodstock+Rd+Fredericton+NB",food,grill,https://fredericton.cdncompanies.com/restaurant/
rest_aw_prospect,"A&W - Prospect","1018 Prospect St",Fredericton,NB,E3B 3C1,,,506-457-6005,https://www.aw.ca/,https://www.aw.ca/,"https://www.google.com/maps/search/?api=1&query=A%26W+1018+Prospect+St+Fredericton+NB",food,burgers,https://fredericton.cdncompanies.com/restaurant/
rest_aw_regent,"A&W - Regent","1381 Regent St",Fredericton,NB,E3C 1A2,,,506-459-7111,https://www.aw.ca/,https://www.aw.ca/,"https://www.google.com/maps/search/?api=1&query=A%26W+1381+Regent+St+Fredericton+NB",food,burgers,https://fredericton.cdncompanies.com/restaurant/
rest_betty_lees,"Betty Lee's Food Service","519 Beaverbrook Ct",Fredericton,NB,E3B 1X6,,,506-453-0698,,,"https://www.google.com/maps/search/?api=1&query=Betty+Lees+Food+Service+519+Beaverbrook+Ct+Fredericton+NB",food,catering,https://fredericton.cdncompanies.com/restaurant/
rest_boathouse,"Boathouse Cafe","130 Bishop Dr",Fredericton,NB,E3C 0E1,,,,,,"https://www.google.com/maps/search/?api=1&query=Boathouse+Cafe+130+Bishop+Dr+Fredericton+NB",food,cafe,https://fredericton.cdncompanies.com/restaurant/
rest_brewbakers,"BrewBakers","546 King St",Fredericton,NB,E3B 1E6,,,506-459-0067,,,"https://www.google.com/maps/search/?api=1&query=BrewBakers+546+King+St+Fredericton+NB",food,cafe,https://fredericton.cdncompanies.com/restaurant/
rest_buffet_express,"Buffet Express","86 Main St",Fredericton,NB,E3A 1C2,,,506-206-6222,,,"https://www.google.com/maps/search/?api=1&query=Buffet+Express+86+Main+St+Fredericton+NB",food,chinese,https://fredericton.cdncompanies.com/restaurant/
rest_bulgogi,"Bulgogi","459 King St",Fredericton,NB,E3B 5H8,,,506-451-3663,,,"https://www.google.com/maps/search/?api=1&query=Bulgogi+459+King+St+Fredericton+NB",food,korean,https://fredericton.cdncompanies.com/restaurant/
rest_burger_king,"Burger King","1140 Smythe St",Fredericton,NB,E3B 3H6,,,506-453-1462,https://www.burgerking.ca/,https://www.burgerking.ca/,"https://www.google.com/maps/search/?api=1&query=Burger+King+1140+Smythe+St+Fredericton+NB",food,burgers,https://fredericton.cdncompanies.com/restaurant/
rest_chez_riz,"Chez-Riz Indian Pakistani Restaurant","366 Queen St",Fredericton,NB,E3B 1B2,,,506-454-9996,,,"https://www.google.com/maps/search/?api=1&query=Chez-Riz+366+Queen+St+Fredericton+NB",food,indian,https://fredericton.cdncompanies.com/restaurant/
rest_chongs_place,"Chong's Place","435 Brookside Dr",Fredericton,NB,E3A 8V4,,,506-451-6252,,,"https://www.google.com/maps/search/?api=1&query=Chongs+Place+435+Brookside+Dr+Fredericton+NB",food,chinese,https://fredericton.cdncompanies.com/restaurant/
rest_chunkys,"Chunky's Catering","374 King St",Fredericton,NB,E3B 1E3,,,,,,"https://www.google.com/maps/search/?api=1&query=Chunkys+Catering+374+King+St+Fredericton+NB",food,catering,https://fredericton.cdncompanies.com/restaurant/
rest_cinnamon_cafe,"Cinnamon Cafe","469 King St",Fredericton,NB,E3B 1E5,,,506-454-9011,,,"https://www.google.com/maps/search/?api=1&query=Cinnamon+Cafe+469+King+St+Fredericton+NB",food,cafe,https://fredericton.cdncompanies.com/restaurant/
rest_claudines,"Claudine's Eatery","146 Main St",Fredericton,NB,E3A 1C8,,,506-454-0430,,,"https://www.google.com/maps/search/?api=1&query=Claudines+Eatery+146+Main+St+Fredericton+NB",food,breakfast,https://fredericton.cdncompanies.com/restaurant/
rest_cora,"Cora","476 Queen St",Fredericton,NB,E3B 1B6,,,506-472-2672,https://www.chezcora.com/,https://www.chezcora.com/,"https://www.google.com/maps/search/?api=1&query=Cora+476+Queen+St+Fredericton+NB",food,breakfast,https://fredericton.cdncompanies.com/restaurant/
rest_crispins_briskets,"Crispins/Briskets","440 King St",Fredericton,NB,E3B 5H8,,,506-459-1165,,,"https://www.google.com/maps/search/?api=1&query=Crispins+Briskets+440+King+St+Fredericton+NB",food,barbecue,https://fredericton.cdncompanies.com/restaurant/
rest_dairy_queen_union,"Dairy Queen - Union","540 Union St",Fredericton,NB,E3A 3N2,,,506-453-1229,https://www.dairyqueen.com/,https://www.dairyqueen.com/,"https://www.google.com/maps/search/?api=1&query=Dairy+Queen+540+Union+St+Fredericton+NB",food,dessert,https://fredericton.cdncompanies.com/restaurant/
rest_dairy_queen_prospect,"Dairy Queen - Prospect","1250 Prospect St",Fredericton,NB,E3B 3C1,,,506-454-3737,https://www.dairyqueen.com/,https://www.dairyqueen.com/,"https://www.google.com/maps/search/?api=1&query=Dairy+Queen+1250+Prospect+St+Fredericton+NB",food,dessert,https://fredericton.cdncompanies.com/restaurant/
rest_damda,"Damda Restaurant","526 Queen St",Fredericton,NB,E3B 1B9,,,506-455-6969,,,"https://www.google.com/maps/search/?api=1&query=Damda+Restaurant+526+Queen+St+Fredericton+NB",food,korean,https://fredericton.cdncompanies.com/restaurant/
rest_deluxe_fish_chips,"Deluxe Fish & Chips","964 Prospect St",Fredericton,NB,E3B 2T7,,,506-459-1880,,,"https://www.google.com/maps/search/?api=1&query=Deluxe+Fish+Chips+964+Prospect+St+Fredericton+NB",food,seafood,https://fredericton.cdncompanies.com/restaurant/
rest_dimitris,"Dimitri's Souvlaki Restaurant","349 King St",Fredericton,NB,E3B 1E4,,,506-452-8882,,,"https://www.google.com/maps/search/?api=1&query=Dimitris+Souvlaki+349+King+St+Fredericton+NB",food,greek,https://fredericton.cdncompanies.com/restaurant/
rest_diplomat,"Diplomat Restaurant","253 Woodstock Rd",Fredericton,NB,E3B 2H6,,,506-454-2400,,,"https://www.google.com/maps/search/?api=1&query=Diplomat+Restaurant+253+Woodstock+Rd+Fredericton+NB",food,chinese,https://fredericton.cdncompanies.com/restaurant/
rest_dixie_lee,"Dixie Lee","119 Gibson St",Fredericton,NB,E3A 4E1,,,506-455-8800,,,"https://www.google.com/maps/search/?api=1&query=Dixie+Lee+119+Gibson+St+Fredericton+NB",food,chicken,https://fredericton.cdncompanies.com/restaurant/
rest_east_side_marios,"East Side Mario's","14 Trinity Ave",Fredericton,NB,E3C 0B8,,,506-455-3636,https://www.eastsidemarios.com/,https://www.eastsidemarios.com/,"https://www.google.com/maps/search/?api=1&query=East+Side+Marios+14+Trinity+Ave+Fredericton+NB",food,italian,https://fredericton.cdncompanies.com/restaurant/
rest_franks_diner,"Frank's Finer Diner","80 Two Nations Crossing",Fredericton,NB,E3A,,,506-459-0707,,,"https://www.google.com/maps/search/?api=1&query=Franks+Finer+Diner+80+Two+Nations+Crossing+Fredericton+NB",food,breakfast,https://fredericton.cdncompanies.com/restaurant/
rest_freddys_waffle,"Freddy's Waffle Station","440 King St",Fredericton,NB,E3B 5H8,,,506-206-7123,,,"https://www.google.com/maps/search/?api=1&query=Freddys+Waffle+Station+440+King+St+Fredericton+NB",food,breakfast,https://fredericton.cdncompanies.com/restaurant/
rest_giseles,"Gisele's Pizzeria","506 Forest Hill Rd",Fredericton,NB,E3B 4K4,,,506-455-9191,,,"https://www.google.com/maps/search/?api=1&query=Giseles+Pizzeria+506+Forest+Hill+Rd+Fredericton+NB",food,pizza,https://fredericton.cdncompanies.com/restaurant/
rest_hilltop_grill,"Hilltop Grill & Beverage Company","1034 Prospect St",Fredericton,NB,E3B 3C1,,,506-458-9057,,,"https://www.google.com/maps/search/?api=1&query=Hilltop+Grill+1034+Prospect+St+Fredericton+NB",food,grill,https://fredericton.cdncompanies.com/restaurant/
rest_isaacs_way,"Isaac's Way","649 Queen St",Fredericton,NB,E3B 1C3,,,506-474-7222,https://isaacsway.ca/,https://isaacsway.ca/,"https://www.google.com/maps/search/?api=1&query=Isaacs+Way+649+Queen+St+Fredericton+NB",food,canadian,https://fredericton.cdncompanies.com/restaurant/
rest_jacks_pizza,"Jack's Pizza","379 King St",Fredericton,NB,E3B 1E4,,,506-443-9000,,,"https://www.google.com/maps/search/?api=1&query=Jacks+Pizza+379+King+St+Fredericton+NB",food,pizza,https://fredericton.cdncompanies.com/restaurant/
rest_joes_diner,"Joe's Diner","809 Devon Ave",Fredericton,NB,E3A 3G9,,,506-472-3168,,,"https://www.google.com/maps/search/?api=1&query=Joes+Diner+809+Devon+Ave+Fredericton+NB",food,diner,https://fredericton.cdncompanies.com/restaurant/
rest_jubilee,"Jubilee","837 Prospect St",Fredericton,NB,E3B 5Y4,,,506-452-8888,,,"https://www.google.com/maps/search/?api=1&query=Jubilee+837+Prospect+St+Fredericton+NB",food,restaurant,https://fredericton.cdncompanies.com/restaurant/
rest_jungle_jims,"Jungle Jim's","1168 Smythe St",Fredericton,NB,E3B 3H5,,,506-455-5467,https://www.junglejims.ca/,https://www.junglejims.ca/,"https://www.google.com/maps/search/?api=1&query=Jungle+Jims+1168+Smythe+St+Fredericton+NB",food,casual,https://fredericton.cdncompanies.com/restaurant/
rest_koto,"Koto Restaurant","90 Main St",Fredericton,NB,E3A 1C5,,,506-206-2100,,,"https://www.google.com/maps/search/?api=1&query=Koto+Restaurant+90+Main+St+Fredericton+NB",food,japanese,https://fredericton.cdncompanies.com/restaurant/
rest_lighthouse_green,"Lighthouse on the Green","615 Queen St",Fredericton,NB,E3B 4Y7,,,506-460-2939,,,"https://www.google.com/maps/search/?api=1&query=Lighthouse+on+the+Green+615+Queen+St+Fredericton+NB",food,restaurant,https://fredericton.cdncompanies.com/restaurant/
rest_lotus_cafe,"Lotus Cafe","1010 Hanwell Rd",Fredericton,NB,E3B 6A4,,,506-897-3288,,,"https://www.google.com/maps/search/?api=1&query=Lotus+Cafe+1010+Hanwell+Rd+Fredericton+NB",food,sushi,https://fredericton.cdncompanies.com/restaurant/
rest_luna_pizza,"Luna Pizza 1990","91 York St",Fredericton,NB,E3B 3N4,,,506-455-4020,,,"https://www.google.com/maps/search/?api=1&query=Luna+Pizza+91+York+St+Fredericton+NB",food,pizza,https://fredericton.cdncompanies.com/restaurant/
rest_taco_boyz_smythe,"Taco Boyz - Smythe Street","520 Smythe St Unit 2A",Fredericton,NB,E3B 3E6,,,506-454-2876,https://www.tacoboyz.com/,https://www.tacoboyz.com/order-online/,"https://www.google.com/maps/search/?api=1&query=Taco+Boyz+520+Smythe+St+Fredericton+NB",food,mexican,https://www.tacoboyz.com/order-online/
rest_mcdonalds_prospect,"McDonald's - Prospect Street","1177 Prospect St",Fredericton,NB,E3B 3B9,,,,https://www.mcdonalds.ca/,https://www4.mcdonalds.ca/mcdeliveryinthemcdapp/,"https://www.google.com/maps/search/?api=1&query=McDonalds+1177+Prospect+St+Fredericton+NB",food,burgers,https://www4.mcdonalds.ca/mcdeliveryinthemcdapp/
rest_snooty,"The Snooty Fox","66 Regent St",Fredericton,NB,E3B 3W4,,,506-474-1199,https://www.thesnooty.ca/mainfare,https://www.thesnooty.ca/mainfare,"https://www.google.com/maps/search/?api=1&query=The+Snooty+Fox+66+Regent+St+Fredericton+NB",food,pub,https://www.thesnooty.ca/mainfare
rest_momo,"Momo Ramen & Izakaya","602 Queen St",Fredericton,NB,E3B 1C2,,,506-472-4494,https://www.momoramen.ca/,https://www.clover.com/online-ordering/momo-ramen-fredericton,"https://www.google.com/maps/search/?api=1&query=Momo+Ramen+602+Queen+St+Fredericton+NB",food,japanese,https://www.clover.com/online-ordering/momo-ramen-fredericton
rest_midsea_direct,"The Midsea","99 Regent St",Fredericton,NB,E3B 3W3,,,506-455-5556,https://www.themidsea.com/,https://www.themidsea.com/online-ordering,"https://www.google.com/maps/search/?api=1&query=The+Midsea+99+Regent+St+Fredericton+NB",food,lebanese,https://www.themidsea.com/online-ordering
rest_byblos,"Byblos Restaurant and Bar","11 Duncan St",Fredericton,NB,E3B 5H8,,,506-454-5552,https://byblosrestaurant.com/menu/takeout/,https://byblosrestaurant.com/menu/takeout/,"https://www.google.com/maps/search/?api=1&query=Byblos+Restaurant+11+Duncan+St+Fredericton+NB",food,lebanese,https://byblosrestaurant.com/menu/takeout/
rest_squeeze,"The Squeeze","81 Regent St",Fredericton,NB,E3B 3W4,,,506-459-7439,https://www.thesqueeze.ca/,https://www.thesqueeze.ca/menu/,"https://www.google.com/maps/search/?api=1&query=The+Squeeze+81+Regent+St+Fredericton+NB",food,salads_smoothies,https://www.thesqueeze.ca/menu/
rest_caribbean_flavas,"Caribbean Flavas Restaurant & Catering","123 York St",Fredericton,NB,E3B 3N6,,,506-459-1230,https://www.caribbeanflavas.ca/,https://www.caribbeanflavas.ca/menu,"https://www.google.com/maps/search/?api=1&query=Caribbean+Flavas+123+York+St+Fredericton+NB",food,caribbean,https://www.caribbeanflavas.ca/menu
rest_viscount,"Viscount Kitchen - Pinoy Fiesta","435 King St Unit 100",Fredericton,NB,E3B 1E5,,,506-897-4440,https://viscountkitchen.com/,https://viscountkitchen.com/,"https://www.google.com/maps/search/?api=1&query=Viscount+Kitchen+435+King+St+Fredericton+NB",food,filipino,https://viscountkitchen.com/
rest_540_kitchen,"540 Kitchen & Bar","540 Queen St",Fredericton,NB,E3B 1B9,,,506-449-5400,https://www.540kitchenandbar.com/,https://www.540kitchenandbar.com/menu-south,"https://www.google.com/maps/search/?api=1&query=540+Kitchen+540+Queen+St+Fredericton+NB",food,modern_canadian,https://www.540kitchenandbar.com/menu-south
rest_thai_manao,"Thai Manao - Trinity","10 Trinity Ave",Fredericton,NB,E3C 0B8,,,,,https://order.online/en-US/store/thai-manao-fredericton-757986,"https://www.google.com/maps/search/?api=1&query=Thai+Manao+10+Trinity+Ave+Fredericton+NB",food,thai,https://order.online/en-US/store/thai-manao-fredericton-757986
