restaurant_id,item_id,name,description,section,image_url,image_source_url,image_status,source_url,observed_at
rest_midsea_direct,midsea_chicken_shawarma_platter,"Chicken Shawarma Platter","Chicken shawarma, rice, garlic sauce, garden salad and a pita.",Platter,,https://www.themidsea.com/online-ordering,source_page_only,https://www.themidsea.com/online-ordering,2026-09-27
rest_midsea_direct,midsea_beef_shawarma_platter,"Beef Shawarma Platter","Beef shawarma, rice, hummus sauce, garden salad and a pita.",Platter,,https://www.themidsea.com/online-ordering,source_page_only,https://www.themidsea.com/online-ordering,2026-09-27
rest_midsea_direct,midsea_shawarma_combo,"Shawarma Combo","Chicken and beef shawarma, rice, hummus and garlic sauce, garden salad and a pita.",Platter,,https://www.themidsea.com/online-ordering,source_page_only,https://www.themidsea.com/online-ordering,2026-09-27
rest_midsea_direct,midsea_falafel_platter,"Falafel Platter","Five falafel balls, hummus sauce, garden salad and a pita.",Platter,,https://www.themidsea.com/online-ordering,source_page_only,https://www.themidsea.com/online-ordering,2026-09-27
rest_midsea_direct,midsea_chicken_shawarma_bowl,"Chicken Shawarma Bowl","Rice, chicken shawarma, garlic sauce, tomatoes, pickles, sumac and pomegranate molasses.",Bowl,,https://www.themidsea.com/online-ordering,source_page_only,https://www.themidsea.com/online-ordering,2026-09-27
rest_midsea_direct,midsea_chicken_shawarma_wrap,"Chicken Shawarma Wrap","Garlic, tomato, pickled cucumber and turnips, lettuce and chicken shawarma in traditional Lebanese pita.",Wrap,,https://www.themidsea.com/online-ordering,source_page_only,https://www.themidsea.com/online-ordering,2026-09-27
rest_midsea_direct,midsea_falafel_wrap,"Falafel Wrap","Tahini, tomato, pickled cucumber and turnips, parsley, radish and falafel balls in traditional Lebanese pita.",Wrap,,https://www.themidsea.com/online-ordering,source_page_only,https://www.themidsea.com/online-ordering,2026-09-27
rest_midsea_direct,midsea_hummus_pita,"Hummus & Pita","House-made hummus with olive oil and warm pita bread.",Appetizer,,https://www.themidsea.com/online-ordering,source_page_only,https://www.themidsea.com/online-ordering,2026-09-27
rest_midsea_direct,midsea_shawarma_fries,"Shawarma Fries","Crispy fries loaded with shawarma, vegetables, pickled turnips and tahini.",Appetizer,,https://www.themidsea.com/online-ordering,source_page_only,https://www.themidsea.com/online-ordering,2026-09-27
rest_midsea_direct,midsea_soda_can,"Soda Can","Assorted canned soft drinks.",Drinks,,https://www.themidsea.com/online-ordering,source_page_only,https://www.themidsea.com/online-ordering,2026-09-27
rest_pizza_delight_oromocto,pd_steakhouse_pizza,"Steakhouse Pizza","Sliced steak, green peppers, onions, mushrooms and mozzarella on creamy BBQ sauce with chipotle mayo drizzle.",Signature pizzas,,https://www.pizzadelight.com/oromocto-mall/menus/dine-in,source_page_only,https://www.pizzadelight.com/oromocto-mall/menus/dine-in,2026-09-27
rest_pizza_delight_oromocto,pd_butter_chicken_pizza,"Butter Chicken Pizza","Garlic spread, butter chicken sauce, mozzarella, diced peppers, red onion and grilled chicken.",Signature pizzas,,https://www.pizzadelight.com/oromocto-mall/menus/dine-in,source_page_only,https://www.pizzadelight.com/oromocto-mall/menus/dine-in,2026-09-27
rest_pizza_delight_oromocto,pd_works_pizza,"The Works Pizza","Pepperoni, bacon, ground beef, mushrooms, onions and green peppers.",Signature pizzas,,https://www.pizzadelight.com/oromocto-mall/menus/dine-in,source_page_only,https://www.pizzadelight.com/oromocto-mall/menus/dine-in,2026-09-27
rest_pizza_delight_oromocto,pd_classic_donair,"Classic Donair","Spicy donair meat, lettuce, onions and tomatoes with house donair sauce.",Donairs and panzerotti,,https://www.pizzadelight.com/oromocto-mall/menus/dine-in,source_page_only,https://www.pizzadelight.com/oromocto-mall/menus/dine-in,2026-09-27
rest_pizza_delight_oromocto,pd_lasagna,"Lasagna","Noodles, mozzarella and seasoned meat sauce with green peppers, onions and celery.",Pasta,,https://www.pizzadelight.com/oromocto-mall/menus/dine-in,source_page_only,https://www.pizzadelight.com/oromocto-mall/menus/dine-in,2026-09-27
rest_pizza_delight_oromocto,pd_chicken_alfredo,"Chicken Alfredo Pasta","Noodles, sliced chicken breast and creamy Alfredo sauce; oven-baked or tossed.",Pasta,,https://www.pizzadelight.com/oromocto-mall/menus/dine-in,source_page_only,https://www.pizzadelight.com/oromocto-mall/menus/dine-in,2026-09-27
rest_pizza_delight_oromocto,pd_classic_caesar,"Classic Caesar Salad","Romaine lettuce, bacon, Parmesan and croutons with Caesar dressing.",Salads,,https://www.pizzadelight.com/oromocto-mall/menus/dine-in,source_page_only,https://www.pizzadelight.com/oromocto-mall/menus/dine-in,2026-09-27
rest_pizza_delight_oromocto,pd_garlic_cheese_fingers,"Garlic Cheese Fingers","Fresh dough and garlic spread topped with mozzarella cheese.",Sides,,https://www.pizzadelight.com/oromocto-mall/menus/dine-in,source_page_only,https://www.pizzadelight.com/oromocto-mall/menus/dine-in,2026-09-27
rest_pizza_delight_oromocto,pd_wings,"Wings","Boneless or lightly breaded wings with sauce options.",Starters,,https://www.pizzadelight.com/oromocto-mall/menus/dine-in,source_page_only,https://www.pizzadelight.com/oromocto-mall/menus/dine-in,2026-09-27
rest_pizza_delight_oromocto,pd_chocolate_eruption,"Chocolate Eruption","Chocolate dessert.",Desserts,,https://www.pizzadelight.com/oromocto-mall/menus/dine-in,source_page_only,https://www.pizzadelight.com/oromocto-mall/menus/dine-in,2026-09-27
