restaurant_id,item_id,channel,fulfillment_mode,price_cents,currency,fees_cents,observed_at,source_url,price_status
rest_midsea_direct,midsea_chicken_shawarma_platter,merchant_web,pickup,1900,CAD,0,2026-09-27,https://www.themidsea.com/online-ordering,observed_menu_price
rest_midsea_direct,midsea_chicken_shawarma_platter,merchant_web,dine_in,1900,CAD,0,2026-09-27,https://www.themidsea.com/online-ordering,observed_menu_price
rest_midsea_direct,midsea_beef_shawarma_platter,merchant_web,pickup,1950,CAD,0,2026-09-27,https://www.themidsea.com/online-ordering,observed_menu_price
rest_midsea_direct,midsea_beef_shawarma_platter,merchant_web,dine_in,1950,CAD,0,2026-09-27,https://www.themidsea.com/online-ordering,observed_menu_price
rest_midsea_direct,midsea_shawarma_combo,merchant_web,pickup,2300,CAD,0,2026-09-27,https://www.themidsea.com/online-ordering,observed_menu_price
rest_midsea_direct,midsea_shawarma_combo,merchant_web,dine_in,2300,CAD,0,2026-09-27,https://www.themidsea.com/online-ordering,observed_menu_price
rest_midsea_direct,midsea_falafel_platter,merchant_web,pickup,1750,CAD,0,2026-09-27,https://www.themidsea.com/online-ordering,observed_menu_price
rest_midsea_direct,midsea_falafel_platter,merchant_web,dine_in,1750,CAD,0,2026-09-27,https://www.themidsea.com/online-ordering,observed_menu_price
rest_midsea_direct,midsea_chicken_shawarma_bowl,merchant_web,pickup,1700,CAD,0,2026-09-27,https://www.themidsea.com/online-ordering,observed_menu_price
rest_midsea_direct,midsea_chicken_shawarma_bowl,merchant_web,dine_in,1700,CAD,0,2026-09-27,https://www.themidsea.com/online-ordering,observed_menu_price
rest_midsea_direct,midsea_chicken_shawarma_wrap,merchant_web,pickup,1000,CAD,0,2026-09-27,https://www.themidsea.com/online-ordering,observed_menu_price
rest_midsea_direct,midsea_chicken_shawarma_wrap,merchant_web,dine_in,1000,CAD,0,2026-09-27,https://www.themidsea.com/online-ordering,observed_menu_price
rest_midsea_direct,midsea_falafel_wrap,merchant_web,pickup,950,CAD,0,2026-09-27,https://www.themidsea.com/online-ordering,observed_menu_price
rest_midsea_direct,midsea_falafel_wrap,merchant_web,dine_in,950,CAD,0,2026-09-27,https://www.themidsea.com/online-ordering,observed_menu_price
rest_midsea_direct,midsea_hummus_pita,merchant_web,pickup,850,CAD,0,2026-09-27,https://www.themidsea.com/online-ordering,observed_menu_price
rest_midsea_direct,midsea_hummus_pita,merchant_web,dine_in,850,CAD,0,2026-09-27,https://www.themidsea.com/online-ordering,observed_menu_price
rest_midsea_direct,midsea_shawarma_fries,merchant_web,pickup,1350,CAD,0,2026-09-27,https://www.themidsea.com/online-ordering,observed_menu_price
rest_midsea_direct,midsea_shawarma_fries,merchant_web,dine_in,1350,CAD,0,2026-09-27,https://www.themidsea.com/online-ordering,observed_menu_price
rest_midsea_direct,midsea_soda_can,merchant_web,pickup,200,CAD,0,2026-09-27,https://www.themidsea.com/online-ordering,observed_menu_price
rest_midsea_direct,midsea_soda_can,merchant_web,dine_in,200,CAD,0,2026-09-27,https://www.themidsea.com/online-ordering,observed_menu_price
rest_pizza_delight_oromocto,pd_steakhouse_pizza,dine_in,,,CAD,,2026-09-27,https://www.pizzadelight.com/oromocto-mall/menus/dine-in,menu_verified_price_not_exposed
rest_pizza_delight_oromocto,pd_steakhouse_pizza,pickup,,,CAD,,2026-09-27,https://www.pizzadelight.com/oromocto-mall/menus/take-out-delivery,menu_verified_price_not_exposed
rest_pizza_delight_oromocto,pd_butter_chicken_pizza,dine_in,,,CAD,,2026-09-27,https://www.pizzadelight.com/oromocto-mall/menus/dine-in,menu_verified_price_not_exposed
rest_pizza_delight_oromocto,pd_works_pizza,dine_in,,,CAD,,2026-09-27,https://www.pizzadelight.com/oromocto-mall/menus/dine-in,menu_verified_price_not_exposed
rest_pizza_delight_oromocto,pd_classic_donair,dine_in,,,CAD,,2026-09-27,https://www.pizzadelight.com/oromocto-mall/menus/dine-in,menu_verified_price_not_exposed
rest_pizza_delight_oromocto,pd_lasagna,dine_in,,,CAD,,2026-09-27,https://www.pizzadelight.com/oromocto-mall/menus/dine-in,menu_verified_price_not_exposed
rest_pizza_delight_oromocto,pd_chicken_alfredo,dine_in,,,CAD,,2026-09-27,https://www.pizzadelight.com/oromocto-mall/menus/dine-in,menu_verified_price_not_exposed
rest_pizza_delight_oromocto,pd_classic_caesar,dine_in,,,CAD,,2026-09-27,https://www.pizzadelight.com/oromocto-mall/menus/dine-in,menu_verified_price_not_exposed
rest_pizza_delight_oromocto,pd_garlic_cheese_fingers,dine_in,,,CAD,,2026-09-27,https://www.pizzadelight.com/oromocto-mall/menus/dine-in,menu_verified_price_not_exposed
rest_pizza_delight_oromocto,pd_wings,dine_in,,,CAD,,2026-09-27,https://www.pizzadelight.com/oromocto-mall/menus/dine-in,menu_verified_price_not_exposed
rest_pizza_delight_oromocto,pd_chocolate_eruption,dine_in,,,CAD,,2026-09-27,https://www.pizzadelight.com/oromocto-mall/menus/dine-in,menu_verified_price_not_exposed
